customer_id,name,email,age,gender,location,join_date
1,Doris Bennett,meghan46@hotmail.com,38,Male,East Kyle,2023-12-30
2,Malik Munoz,emartinez@hotmail.com,19,Male,Ashleyside,2023-04-26
3,Savannah Perkins DVM,blake42@yahoo.com,25,Female,West Christopher,2020-04-06
4,Seth Holland,aramirez@yahoo.com,36,Male,South Michelletown,2024-08-01
5,Sean Parrish,brandybrown@hotmail.com,39,Female,Lake Theresaton,2023-08-21
6,David Gould,mnguyen@huber.org,57,Female,South Lauren,2022-11-17
7,Carlos Dennis,joseph86@yahoo.com,18,Female,Brooksville,2020-07-18
8,Margaret Thomas,hendersonkristy@hanson-hunter.com,65,Female,Gallaghermouth,2021-01-30
9,Peter Fernandez,drew87@nixon-rollins.org,41,Female,Shahton,2021-03-14
10,Rebecca Schmidt,carrie65@gmail.com,40,Female,East Omar,2021-12-27
11,Michael Marks,julie10@hotmail.com,37,Female,Lake Danielland,2023-11-09
12,Cody Jones,amandajohnston@martinez.com,23,Male,Donaldland,2024-05-26
13,Jeffrey Myers,knightashley@hotmail.com,19,Female,New Tinafurt,2022-10-05
14,Douglas Ward,jamesmiller@mitchell.biz,48,Male,Rodriguezstad,2022-10-26
15,Dylan Jackson,brianstein@gmail.com,59,Female,Allenborough,2020-08-30
16,Aaron Johnson,tracy84@johnson-graham.com,43,Male,New Melissa,2024-09-06
17,William Bryan,christophertaylor@smith.com,22,Male,Owensshire,2023-01-03
18,Kimberly Bruce,brian06@hotmail.com,58,Female,Hodgemouth,2022-01-20
19,Carrie Bell,ryan88@ward-herrera.org,47,Male,East Jennifer,2023-11-07
20,Cynthia Wilson,pettymichelle@berg.org,52,Female,South Alanview,2023-09-23
21,Kathy Miranda,grosscolton@gmail.com,26,Male,Jonesfurt,2020-07-16
22,Thomas Vazquez,weeksallen@phillips.biz,58,Male,Oconnormouth,2022-09-03
23,Rachael Reese,omurray@yahoo.com,47,Male,Josephton,2023-03-02
24,Rodney Gilbert,colemanvicki@clark.com,58,Female,Charlesville,2024-03-11
25,Maria Brown,singhjerry@gmail.com,26,Male,Wilsonton,2021-04-24
26,Michael Harmon,rharper@hotmail.com,46,Male,Ryanberg,2023-12-13
27,Hannah Ramirez,markwalker@dickerson.net,44,Female,New Franciscofort,2022-07-22
28,Maria Chen,nelsonjenny@hotmail.com,55,Male,Mikefort,2021-09-13
29,David Chapman,brandonwolf@gmail.com,28,Female,Emilyborough,2022-07-25
30,Lisa Kelly,umoore@harris.com,35,Female,Jacquelineberg,2021-02-08
31,Anthony Barrera,lauren32@oliver.com,29,Female,Pearsonborough,2021-12-05
32,Omar Bishop,andrew36@bell-scott.com,53,Male,South Joelville,2021-02-21
33,Roger Sheppard,schristensen@steele.com,58,Male,North Todd,2021-12-25
34,Jessica Edwards,janetdalton@tucker.com,25,Male,West Linda,2020-08-24
35,Paige Maxwell,mchavez@gmail.com,31,Male,Davidsonmouth,2020-06-12
36,James Arnold,ericksongail@gmail.com,22,Female,East Samanthamouth,2023-10-26
37,Matthew Greene,aflynn@jackson.com,54,Male,Williamfort,2022-01-09
38,Ryan Conner,katherine81@hotmail.com,20,Female,Alexville,2021-08-03
39,Jeremiah Cruz,ginameyer@hotmail.com,48,Female,Owenshaven,2022-01-23
40,Jennifer Douglas,kerrysimmons@hotmail.com,41,Male,Jamiehaven,2021-09-16
41,Mitchell Anderson,zacharybennett@williams.com,51,Male,Hollandport,2020-11-18
42,Karen Rosales,vhayes@berry-shaw.info,60,Female,Jeffreyfurt,2021-02-11
43,Tim Zuniga,charlessims@hotmail.com,58,Female,Coreyside,2020-01-29
44,Philip Acosta,mejiapatrick@gmail.com,21,Female,Lauraland,2020-03-28
45,Tiffany Ayala,calvin59@ellis.net,49,Male,New James,2024-01-04
46,Karen Christensen,rebeccatodd@hotmail.com,30,Male,South Bryan,2020-12-31
47,Jason Wu,meyertristan@gmail.com,62,Male,South Andrew,2020-11-26
48,Peter Reyes,kathleendavis@yahoo.com,62,Male,Lozanofort,2024-06-28
49,Heather Jimenez,jessicasmith@yahoo.com,53,Female,New Kimberlybury,2024-10-29
50,Karina Moore,harrisonarthur@galloway.org,59,Male,New Dustinborough,2023-02-10
